NodeId,SVM,DT,SVM_Node2Vec,NB_Node2Vec
1135589.0,L3,L5,L3,L3
1135746.0,L3,L5,L7,L7
1135750.0,L3,L5,L7,L7
1135894.0,L3,L5,L3,L3
1135899.0,L3,L5,L3,L3
1135955.0,L3,L5,L3,L4
1136040.0,L3,L5,L3,L6
1136110.0,L3,L5,L3,L3
1136310.0,L3,L5,L4,L4
1136342.0,L3,L5,L2,L2
1136393.0,L3,L5,L3,L3
1136397.0,L3,L5,L3,L3
1136422.0,L3,L5,L3,L5
1136442.0,L3,L5,L3,L3
1136446.0,L3,L5,L3,L3
1136447.0,L3,L5,L3,L3
1136449.0,L3,L5,L3,L3
1136631.0,L3,L5,L7,L3
1136634.0,L3,L5,L3,L3
1136791.0,L3,L5,L2,L2
1136814.0,L3,L5,L2,L2
1137140.0,L3,L5,L3,L3
1137466.0,L3,L5,L2,L2
1138027.0,L3,L5,L2,L3
1138043.0,L3,L5,L7,L7
1138091.0,L3,L5,L1,L1
1138619.0,L3,L5,L6,L4
1138755.0,L3,L5,L7,L7
1138968.0,L3,L5,L2,L2
1138970.0,L3,L5,L7,L7
1139009.0,L3,L5,L3,L4
1139195.0,L3,L5,L2,L3
1139928.0,L3,L5,L7,L7
1140040.0,L3,L5,L3,L3
1140230.0,L3,L5,L3,L3
1140231.0,L3,L5,L3,L3
1140289.0,L3,L5,L3,L3
1140543.0,L3,L5,L3,L3
1140547.0,L3,L5,L4,L4
1140548.0,L3,L5,L3,L3
1152075.0,L3,L5,L7,L7
1152143.0,L3,L5,L3,L3
1152150.0,L3,L5,L3,L3
1152162.0,L3,L5,L3,L3
1152179.0,L3,L5,L3,L3
1152194.0,L3,L5,L3,L3
1152244.0,L3,L5,L1,L1
1152259.0,L3,L5,L4,L4
1152272.0,L3,L5,L3,L3
1152277.0,L3,L5,L3,L3
1152290.0,L3,L5,L7,L6
1152307.0,L3,L5,L7,L7
1152308.0,L3,L5,L1,L1
1152358.0,L3,L5,L2,L2
1152379.0,L3,L5,L7,L7
1152394.0,L3,L5,L3,L3
1152421.0,L3,L5,L2,L2
1152436.0,L3,L5,L1,L1
1152448.0,L3,L5,L7,L7
1152490.0,L3,L5,L3,L3
1152508.0,L3,L5,L2,L2
1152564.0,L3,L5,L1,L1
1152569.0,L3,L5,L2,L2
1152633.0,L3,L5,L4,L5
1152663.0,L3,L5,L5,L5
1152673.0,L3,L5,L3,L3
1152676.0,L3,L5,L2,L2
1152711.0,L3,L5,L3,L4
1152714.0,L3,L5,L3,L3
1152740.0,L3,L5,L5,L5
1152761.0,L3,L5,L2,L2
1152821.0,L3,L5,L3,L3
1152858.0,L3,L5,L4,L4
1152859.0,L3,L5,L3,L3
1152896.0,L3,L5,L1,L1
1152904.0,L3,L5,L3,L3
1152910.0,L3,L5,L5,L5
1152917.0,L3,L5,L4,L3
1152944.0,L3,L5,L5,L2
1152958.0,L3,L5,L3,L3
1152959.0,L3,L5,L3,L3
1152975.0,L3,L5,L7,L7
1152991.0,L3,L5,L4,L4
1153003.0,L3,L5,L3,L6
1153014.0,L3,L5,L4,L4
1153024.0,L3,L5,L4,L4
1153031.0,L3,L5,L4,L4
1153056.0,L3,L5,L5,L5
1153064.0,L3,L5,L7,L7
1153065.0,L3,L5,L2,L2
1153091.0,L3,L5,L7,L7
1153097.0,L3,L5,L3,L3
1153101.0,L3,L5,L6,L1
1153106.0,L3,L5,L3,L7
1153148.0,L3,L5,L7,L7
1153150.0,L3,L5,L6,L1
1153160.0,L3,L5,L7,L7
1153166.0,L3,L5,L1,L1
1153169.0,L3,L5,L1,L7
1153183.0,L3,L5,L7,L7
1153195.0,L3,L5,L3,L3
1153254.0,L3,L5,L6,L6
1153262.0,L3,L5,L7,L7
1153264.0,L3,L5,L6,L6
1153275.0,L3,L5,L7,L7
1153280.0,L3,L5,L2,L2
1153287.0,L3,L5,L5,L5
1153577.0,L3,L5,L2,L2
1153703.0,L3,L5,L7,L7
1153724.0,L3,L5,L1,L1
1153728.0,L3,L5,L1,L1
1153736.0,L3,L5,L7,L7
1153784.0,L3,L5,L2,L2
1153786.0,L3,L5,L4,L4
1153811.0,L3,L5,L6,L6
1153816.0,L3,L5,L2,L2
1153853.0,L3,L5,L2,L2
1153860.0,L3,L5,L2,L2
1153861.0,L3,L5,L3,L3
1153866.0,L3,L5,L6,L6
1153877.0,L3,L5,L1,L1
1153879.0,L3,L5,L1,L1
1153889.0,L3,L5,L1,L1
1153891.0,L3,L5,L1,L1
1153896.0,L3,L5,L2,L2
1153897.0,L3,L5,L2,L2
1153899.0,L3,L5,L2,L2
1153900.0,L3,L5,L2,L2
1153922.0,L3,L5,L3,L5
1153933.0,L3,L5,L3,L3
1153942.0,L3,L5,L2,L2
1153943.0,L3,L5,L2,L2
1153945.0,L3,L5,L2,L2
1153946.0,L3,L5,L3,L4
1154012.0,L3,L5,L4,L4
1154042.0,L3,L5,L3,L3
1154068.0,L3,L5,L4,L4
1154071.0,L3,L5,L4,L4
1154074.0,L3,L5,L3,L3
1154076.0,L3,L5,L2,L2
1154103.0,L3,L5,L3,L4
1154123.0,L3,L5,L3,L3
1154124.0,L3,L5,L3,L3
1154169.0,L3,L5,L3,L3
1154173.0,L3,L5,L4,L4
1154176.0,L3,L5,L2,L2
1154229.0,L3,L5,L4,L4
1154230.0,L3,L5,L4,L4
1154232.0,L3,L5,L4,L4
1154233.0,L3,L5,L4,L4
1154251.0,L3,L5,L3,L3
1154276.0,L3,L5,L3,L3
1154459.0,L3,L5,L2,L2
1154500.0,L3,L5,L1,L1
1154520.0,L3,L5,L3,L3
1154524.0,L3,L5,L6,L6
1154525.0,L3,L5,L6,L6
1155073.0,L3,L5,L6,L6
